message_size,throughput,strategy,local_network_size,foreign_network_size
1000000,24.486491955883842,Kafka,4,4
1000000,37.39640185971296,Kafka,4,4
1000000,24.0481976508708,Kafka,4,4
1000000,28.503442689347917,Kafka,4,4
1000000,24.99622032958726,Kafka,4,4
1000000,38.07233744113816,Kafka,4,4
1000000,24.572757609465064,Kafka,4,4
1000000,26.48471063937326,Kafka,4,4
