message_size,throughput,strategy,local_network_size,foreign_network_size
10000,2008.960664202906,Kafka,4,4
10000,1807.2465968321442,Kafka,4,4
10000,2371.1772734165697,Kafka,4,4
10000,1999.5954487989889,Kafka,4,4
10000,2127.3701774788897,Kafka,4,4
10000,2127.281921618205,Kafka,4,4
10000,2226.488592097941,Kafka,4,4
10000,1915.5200323755564,Kafka,4,4
