message_size,throughput,strategy,local_network_size,foreign_network_size
100,17736.315390447307,Kafka,4,4
100,17740.25182778229,Kafka,4,4
100,19103.085981118667,Kafka,4,4
100,26236.125893264405,Kafka,4,4
100,19947.909804915125,Kafka,4,4
100,19775.13535394424,Kafka,4,4
100,21387.307536466775,Kafka,4,4
100,25899.329200121963,Kafka,4,4
