message_size,throughput,strategy,local_network_size,foreign_network_size
100000,215.96931307727252,Kafka,4,4
100000,420.9435202507964,Kafka,4,4
100000,212.16880287755205,Kafka,4,4
100000,413.81229445990385,Kafka,4,4
100000,207.35346179133163,Kafka,4,4
100000,413.14126863785697,Kafka,4,4
100000,217.1778520093127,Kafka,4,4
100000,420.91437231624144,Kafka,4,4
