message_size,throughput,strategy,local_network_size,foreign_network_size
1000,19741.785461530686,Kafka,4,4
1000,20324.88234401093,Kafka,4,4
1000,23108.090286583818,Kafka,4,4
1000,22329.63918830019,Kafka,4,4
1000,20659.42285338859,Kafka,4,4
1000,23578.585163444994,Kafka,4,4
1000,24413.82795916304,Kafka,4,4
1000,20132.294932739962,Kafka,4,4
